{
  "timestamp": "2025-04-05T10:10:33.346756",
  "total_files": 111,
  "average_rmse": 1410.5148917600757,
  "average_max_deviation": 2381.4414414414414,
  "average_correspondence_rate": 14.111043425127692
}